,index,Agency Code,Agency,Agency Name,Unit of Appropriation,Unit of Appropriation Name,PS_OTPS_Ind,"Expenditures_ FY18($000,000)","February 2019 Financial PlanFY19 ($000,000)",Applicable_MMR_Goals,Notes,category
0,3,3.0,BOE,BOARD OF ELECTIONS,1.0,PERSONAL SERVICES,Personal Services,64.8,71.7,,These figures are limited to the City’s contribution and planned contribution respectively.,Others
1,4,3.0,BOE,BOARD OF ELECTIONS,2.0,OTHER THAN PERSONAL SERVICES,Other Than Personal Services,64.5,75.6,,These figures are limited to the City’s contribution and planned contribution respectively.,Others
2,5,17.0,NYCEM,DEPARTMENT OF EMERGENCY MANAGEMENT,1.0,PERSONAL SERVICES,Personal Services,16.1,25.4,All,,Others
3,6,17.0,NYCEM,DEPARTMENT OF EMERGENCY MANAGEMENT,2.0,OTHER THAN PERSONAL SERVICES,Other Than Personal Services,42.8,46.5,All,,Others
4,7,25.0,LAW,LAW DEPARTMENT,1.0,PERSONAL SERVICES,Personal Services,136.5,159.8,All,,Others
5,8,25.0,LAW,LAW DEPARTMENT,2.0,OTHER THAN PERSONAL SERVICES,Other Than Personal Services,90.7,94.0,All,,Others
6,9,30.0,DCP,DEPARTMENT OF CITY PLANNING,1.0,PERSONAL SERVICES,Personal Services,23.5,29.2,All,,Others
7,10,30.0,DCP,DEPARTMENT OF CITY PLANNING,3.0,GEOGRAPHIC SYSTEMS,Personal Services,2.1,2.5,2a,,Others
8,11,30.0,DCP,DEPARTMENT OF CITY PLANNING,2.0,OTHER THAN PERSONAL SERVICES,Other Than Personal Services,10.3,22.9,All,,Others
9,12,30.0,DCP,DEPARTMENT OF CITY PLANNING,4.0,GEOGRAPHIC SYSTEMS,Other Than Personal Services,0.2,0.3,2a,,Others
10,13,32.0,DOI,DEPARTMENT OF INVESTIGATION,1.0,PERSONAL SERVICES,Personal Services,24.6,26.6,All,,Others
11,14,32.0,DOI,DEPARTMENT OF INVESTIGATION,3.0,INSPECTOR GENERAL-PS,Personal Services,5.0,6.0,All,,Others
12,15,32.0,DOI,DEPARTMENT OF INVESTIGATION,2.0,OTHER THAN PERSONAL SERVICES,Other Than Personal Services,11.1,20.4,All,,Others
13,16,32.0,DOI,DEPARTMENT OF INVESTIGATION,4.0,INSPECTOR GENERAL-OTPS,Other Than Personal Services,1.2,1.4,All,,Others
14,17,35.0,NYPL,NEW YORK PUBLIC LIBRARY - RESEARCH,1.0,LUMP SUM APPROPRIATION,Other Than Personal Services,28.1,28.7,,These figures are limited to the City’s contribution and planned contribution respectively.,invest
15,18,37.0,NYPL,NEW YORK PUBLIC LIBRARY,3.0,LUMP SUM-BORO OF MANHATTAN,Other Than Personal Services,25.8,26.0,,These figures are limited to the City’s contribution and planned contribution respectively.,invest
16,19,37.0,NYPL,NEW YORK PUBLIC LIBRARY,4.0,LUMP SUM- BORO OF BRONX,Other Than Personal Services,24.3,24.4,,These figures are limited to the City’s contribution and planned contribution respectively.,invest
17,20,37.0,NYPL,NEW YORK PUBLIC LIBRARY,5.0,LUMP SUM-BORO OF STATEN ISL,Other Than Personal Services,10.2,10.2,,These figures are limited to the City’s contribution and planned contribution respectively.,invest
18,21,37.0,NYPL,NEW YORK PUBLIC LIBRARY,6.0,SYSTEMWIDE SERVICES,Other Than Personal Services,78.3,84.1,,These figures are limited to the City’s contribution and planned contribution respectively.,Others
19,22,37.0,NYPL,NEW YORK PUBLIC LIBRARY,7.0,CONSULTANT & ADVISORY SVCS,Other Than Personal Services,1.4,1.4,,These figures are limited to the City’s contribution and planned contribution respectively.,Others
20,23,38.0,BPL,BROOKLYN PUBLIC LIBRARY,1.0,LUMP SUM,Other Than Personal Services,105.9,110.3,,These figures are limited to the City’s contribution and planned contribution respectively.,invest
21,24,39.0,QPL,QUEENS BOROUGH PUBLIC LIBRARY,1.0,LUMP SUM,Other Than Personal Services,108.6,113.8,,These figures are limited to the City’s contribution and planned contribution respectively.,invest
22,25,40.0,DOE,DEPARTMENT OF EDUCATION,401.0,GE INSTR & SCH LEADERSHIP - PS,Personal Services,6607.3,7158.7,"1a, 1b, 2a, 2b, 3a, 3b",,health
23,26,40.0,DOE,DEPARTMENT OF EDUCATION,403.0,SE INSTR & SCH LEADERSHIP - PS,Personal Services,1868.3,1962.7,"1a, 1b, 2a, 2b, 3a, 3b",,health
24,27,40.0,DOE,DEPARTMENT OF EDUCATION,407.0,UNIVERSAL PRE-K - PS,Personal Services,490.2,476.7,"1a, 1b, 2a, 2b",,health
25,28,40.0,DOE,DEPARTMENT OF EDUCATION,409.0,EARLY CHILDHOOD PROGRAMS,Personal Services,7.7,76.9,"1a, 1b, 2a, 2b",,family
26,29,40.0,DOE,DEPARTMENT OF EDUCATION,415.0,SCHOOL SUPPORT ORGANIZATION,Personal Services,308.8,291.0,"1a, 1b, 2b",,Others
27,30,40.0,DOE,DEPARTMENT OF EDUCATION,421.0,CW SE INSTR & SCHL LEADERSHIP - PS,Personal Services,1114.7,1177.0,"1a, 2b",,health
28,31,40.0,DOE,DEPARTMENT OF EDUCATION,423.0,SE INSTRUCTIONAL SUPPORT - PS,Personal Services,330.3,351.6,"1a, 2b",,health
29,32,40.0,DOE,DEPARTMENT OF EDUCATION,435.0,SCHOOL FACILITIES - PS,Personal Services,169.3,197.0,"1a, 2b, 4a",,health
30,33,40.0,DOE,DEPARTMENT OF EDUCATION,439.0,SCHOOL FOOD SERVICES - PS,Personal Services,235.4,238.4,"1a, 2b",,health
31,34,40.0,DOE,DEPARTMENT OF EDUCATION,453.0,CENTRAL ADMINISTRATION - PS,Personal Services,202.5,219.1,All,,health
32,35,40.0,DOE,DEPARTMENT OF EDUCATION,461.0,FRINGE BENEFITS - PS,Personal Services,3302.0,3560.4,All,,health
33,36,40.0,DOE,DEPARTMENT OF EDUCATION,481.0,CATEGORICAL PROGRAMS - PS,Personal Services,1004.4,1027.3,All,,health
34,37,40.0,DOE,DEPARTMENT OF EDUCATION,491.0,COLLECTIVE BARGAINING - PS,Personal Services,,11.9,All,This UA originated in Fiscal 2019.,health
35,38,40.0,DOE,DEPARTMENT OF EDUCATION,402.0,GE INSTR & SCH LEADERSHIP - OTPS,Other Than Personal Services,823.9,857.0,"1a, 1b, 2a, 2b, 3a, 3b",,Others
36,39,40.0,DOE,DEPARTMENT OF EDUCATION,404.0,SE INSTR & SCH LEADERSHIP -OTPS,Other Than Personal Services,5.1,5.3,"1a, 1b, 2a, 2b, 3a, 3b",,Others
37,40,40.0,DOE,DEPARTMENT OF EDUCATION,406.0,CHARTER SCHOOLS,Other Than Personal Services,1880.7,2094.9,All,,Others
38,41,40.0,DOE,DEPARTMENT OF EDUCATION,408.0,UNIVERSAL PRE-K - OTPS,Other Than Personal Services,409.8,444.6,"1a, 1b, 2a, 2b",,Others
39,42,40.0,DOE,DEPARTMENT OF EDUCATION,410.0,EARLY CHILDHOOD PROGRAMS,Other Than Personal Services,3.2,25.2,"1a, 1b, 2a, 2b",,family
40,43,40.0,DOE,DEPARTMENT OF EDUCATION,416.0,SCHOOL SUPPORT ORGANIZATION OTPS,Other Than Personal Services,32.1,35.9,"1a, 1b, 2b",,Others
41,44,40.0,DOE,DEPARTMENT OF EDUCATION,422.0,CW SE INSTR & SCHL LEADERSHIP - OTPS,Other Than Personal Services,17.8,23.4,"1a, 2b",,Others
42,45,40.0,DOE,DEPARTMENT OF EDUCATION,424.0,SE INSTRUCTIONAL SUPPORT -  OTPS,Other Than Personal Services,293.7,269.3,"1a, 2b",,Others
43,46,40.0,DOE,DEPARTMENT OF EDUCATION,436.0,SCHOOL FACILITIES - OTPS,Other Than Personal Services,1070.1,997.7,"1a, 2b, 4a",,Others
44,47,40.0,DOE,DEPARTMENT OF EDUCATION,438.0,PUPIL TRANSPORTATION - OTPS,Other Than Personal Services,1206.6,1221.4,"1a, 2b",,Others
45,48,40.0,DOE,DEPARTMENT OF EDUCATION,440.0,SCHOOL FOOD SERVICES - OTPS,Other Than Personal Services,265.7,314.2,"1a, 2b",,food
46,49,40.0,DOE,DEPARTMENT OF EDUCATION,442.0,SCHOOL SAFETY - OTPS,Other Than Personal Services,378.1,403.1,"1a, 2b",,Others
47,50,40.0,DOE,DEPARTMENT OF EDUCATION,444.0,ENERGY AND LEASES - OTPS,Other Than Personal Services,517.7,513.9,All,,Others
48,51,40.0,DOE,DEPARTMENT OF EDUCATION,454.0,CENTRAL ADMINISTRATION - OTPS,Other Than Personal Services,175.4,144.9,All,,Others
49,52,40.0,DOE,DEPARTMENT OF EDUCATION,470.0,SE PRE-K CONTRACT PMTS - OTPS,Other Than Personal Services,743.7,859.0,"1a, 2b",,Others
50,53,40.0,DOE,DEPARTMENT OF EDUCATION,472.0,CONTRACT SCHOOLS/FOSTER/CH 683 PMTS,Other Than Personal Services,859.0,732.5,All,,Others
51,54,40.0,DOE,DEPARTMENT OF EDUCATION,474.0,NPS & FIT PMTS - OTPS,Other Than Personal Services,77.4,78.7,All,,Others
52,55,40.0,DOE,DEPARTMENT OF EDUCATION,482.0,CATEGORICAL PROGRAMS - OTPS,Other Than Personal Services,743.0,740.0,All,,Others
53,56,42.0,CUNY,CITY UNIVERSITY OF NEW YORK,2.0,COMMUNITY COLLEGE PS,Personal Services,789.5,805.2,,"These figures are limited to the City’s contribution and planned contribution respectively, to CUNY.",Others
54,57,42.0,CUNY,CITY UNIVERSITY OF NEW YORK,4.0,HUNTER SCHOOLS-PS,Personal Services,19.5,17.7,,"These figures are limited to the City’s contribution and planned contribution respectively, to CUNY.",Others
55,58,42.0,CUNY,CITY UNIVERSITY OF NEW YORK,1.0,COMMUNITY COLLEGE-OTPS,Other Than Personal Services,389.1,462.5,,"These figures are limited to the City’s contribution and planned contribution respectively, to CUNY.",Others
56,59,42.0,CUNY,CITY UNIVERSITY OF NEW YORK,3.0,HUNTER SCHOOLS-OTPS,Other Than Personal Services,1.0,1.3,,"These figures are limited to the City’s contribution and planned contribution respectively, to CUNY.",Others
57,60,42.0,CUNY,CITY UNIVERSITY OF NEW YORK,12.0,SENIOR COLLEGE OTPS,Other Than Personal Services,0.0,35.0,,"These figures are limited to the City’s contribution and planned contribution respectively, to CUNY.",Others
58,61,54.0,CCRB,CIVILIAN COMPLAINT REVIEW BOARD,1.0,CCRB-PS,Personal Services,13.1,13.4,All,,Others
59,62,54.0,CCRB,CIVILIAN COMPLAINT REVIEW BOARD,2.0,CCRB-OTPS,Other Than Personal Services,3.3,4.1,All,,Others
60,63,56.0,NYPD,POLICE DEPARTMENT,1.0,OPERATIONS,Personal Services,3445.8,3395.3,All,,Others
61,64,56.0,NYPD,POLICE DEPARTMENT,2.0,EXECUTIVE MANAGEMENT,Personal Services,504.8,494.0,All,,Others
62,65,56.0,NYPD,POLICE DEPARTMENT,3.0,SCHOOL SAFETY- P.S.,Personal Services,300.6,310.0,"1a, 1b, 1c, 4a",,Others
63,66,56.0,NYPD,POLICE DEPARTMENT,4.0,ADMINISTRATION-PERSONNEL,Personal Services,265.4,268.4,All,,Others
64,67,56.0,NYPD,POLICE DEPARTMENT,6.0,CRIMINAL JUSTICE,Personal Services,58.9,62.0,"1a, 1c, 2a, 3a, 4a",,Others
65,68,56.0,NYPD,POLICE DEPARTMENT,7.0,TRAFFIC ENFORCEMENT,Personal Services,163.7,152.3,"1a, 2a, 3a, 4a",,Others
66,69,56.0,NYPD,POLICE DEPARTMENT,8.0,TRANSIT POLICE-PS,Personal Services,241.6,246.2,"1a, 1b, 1c, 3a, 4a",,Others
67,70,56.0,NYPD,POLICE DEPARTMENT,9.0,HOUSING POLICE-PS,Personal Services,207.3,201.7,"1a, 1c, 3a, 4a",,residental
68,71,56.0,NYPD,POLICE DEPARTMENT,100.0,OPERATIONS-OTPS,Other Than Personal Services,102.8,143.8,All,,Others
69,72,56.0,NYPD,POLICE DEPARTMENT,200.0,EXECUTIVE MANAGEMENT-OTPS,Other Than Personal Services,86.4,185.3,All,,Others
70,73,56.0,NYPD,POLICE DEPARTMENT,300.0,SCHOOL SAFETY- OTPS,Other Than Personal Services,4.9,4.9,"1a, 1b, 1c, 4a",,Others
71,74,56.0,NYPD,POLICE DEPARTMENT,400.0,ADMINISTRATION-OTPS,Other Than Personal Services,396.5,347.2,All,,Others
72,75,56.0,NYPD,POLICE DEPARTMENT,600.0,CRIMINAL JUSTICE-OTPS,Other Than Personal Services,0.5,0.6,"1a, 1c, 2a, 3a, 4a",,Others
73,76,56.0,NYPD,POLICE DEPARTMENT,700.0,TRAFFIC ENFORCEMENT-OTPS,Other Than Personal Services,9.3,16.9,"1a, 2a, 3a, 4a",,Others
74,77,57.0,FDNY,FIRE DEPARTMENT,1.0,EXECUTIVE ADMINISTRATIVE,Personal Services,107.5,131.1,All,,Others
75,78,57.0,FDNY,FIRE DEPARTMENT,2.0,FIRE EXTING AND EMERG RESP,Personal Services,1367.2,1344.6,All,,fire_emgncy
76,79,57.0,FDNY,FIRE DEPARTMENT,3.0,FIRE INVESTIGATION,Personal Services,23.2,20.9,1a,,fire_emgncy
77,80,57.0,FDNY,FIRE DEPARTMENT,4.0,FIRE PREVENTION,Personal Services,44.6,42.6,"1a, 1c",,fire_emgncy
78,81,57.0,FDNY,FIRE DEPARTMENT,9.0,EMERGENCY MEDICAL SERVICES-PS,Personal Services,303.4,288.1,2a,,health
79,82,57.0,FDNY,FIRE DEPARTMENT,5.0,EXECUTIVE ADMIN-OTPS,Other Than Personal Services,173.9,202.6,All,,Others
80,83,57.0,FDNY,FIRE DEPARTMENT,6.0,FIRE EXTING & RESP-OTPS,Other Than Personal Services,36.8,31.7,All,,fire_emgncy
81,84,57.0,FDNY,FIRE DEPARTMENT,7.0,FIRE INVESTIGATION-OTPS,Other Than Personal Services,0.2,0.2,1a,,fire_emgncy
82,85,57.0,FDNY,FIRE DEPARTMENT,8.0,FIRE PREVENTION-OTPS,Other Than Personal Services,0.9,2.8,"1a, 1c",,fire_emgncy
83,86,57.0,FDNY,FIRE DEPARTMENT,10.0,EMERGENCY MEDICAL SERV-OTPS,Other Than Personal Services,33.9,32.7,2a,,health
84,87,63.0,DVS,DEPARTMENT OF VETERANS' SERVICES,1.0,PERSONAL SERVICES,Personal Services,2.9,4.1,All,,Others
85,88,63.0,DVS,DEPARTMENT OF VETERANS' SERVICES,2.0,OTHER THAN PERSONAL SERVICES,Other Than Personal Services,0.6,1.3,All,,Others
86,89,68.0,ACS,ADMIN FOR CHILDREN'S SERVICES,1.0,CHILD WELFARE,Personal Services,349.8,359.1,"1a, 1b, 1c, 1d, 1e, 2a",,family
87,90,68.0,ACS,ADMIN FOR CHILDREN'S SERVICES,3.0,HEADSTART and DAYCARE-PS,Personal Services,18.7,25.4,2a,,health
88,91,68.0,ACS,ADMIN FOR CHILDREN'S SERVICES,5.0,ADMINISTRATIVE-PS,Personal Services,97.3,73.1,All,,Others
89,92,68.0,ACS,ADMIN FOR CHILDREN'S SERVICES,7.0,JUVENILE JUSTICE - PS,Personal Services,34.2,52.2,"3a, 3b, 3c",,health
90,93,68.0,ACS,ADMIN FOR CHILDREN'S SERVICES,2.0,OTHER THAN PERSONAL SERVICES,Other Than Personal Services,85.4,82.5,All,,Others
91,94,68.0,ACS,ADMIN FOR CHILDREN'S SERVICES,4.0,HEADSTART/DAYCARE-OTPS,Other Than Personal Services,1038.3,1135.6,2a,,health
92,95,68.0,ACS,ADMIN FOR CHILDREN'S SERVICES,6.0,CHILD WELFARE-OTPS,Other Than Personal Services,1220.6,1339.1,"1a, 1b, 1c, 1d, 1e",,family
93,96,68.0,ACS,ADMIN FOR CHILDREN'S SERVICES,8.0,JUVENILE JUSTICE - OTPS,Other Than Personal Services,132.4,189.4,"3a, 3b, 3c",,Others
94,97,69.0,HRA,HUMAN RESOURCES ADMINISTRATION,201.0,ADMINISTRATION,Personal Services,335.3,335.2,All,,Others
95,98,69.0,HRA,HUMAN RESOURCES ADMINISTRATION,203.0,PUBLIC ASSISTANCE,Personal Services,283.3,300.6,"1a, 1b, 2a, 2b, 2c, 3a",,Others
96,99,69.0,HRA,HUMAN RESOURCES ADMINISTRATION,204.0,MEDICAL ASSISTANCE,Personal Services,72.2,103.4,"1c, 2b, 4a",,health
97,100,69.0,HRA,HUMAN RESOURCES ADMINISTRATION,205.0,ADULT SERVICES,Personal Services,113.7,128.1,"1c, 2a, 2b, 2c, 3a, 3b, 4a",,Others
98,101,69.0,HRA,HUMAN RESOURCES ADMINISTRATION,101.0,ADMINISTRATION-OTPS,Other Than Personal Services,289.3,288.4,All,,Others
99,102,69.0,HRA,HUMAN RESOURCES ADMINISTRATION,103.0,PUBLIC ASSISTANCE - OTPS,Other Than Personal Services,2345.5,2474.6,"1a, 1b, 2a, 2b, 2c, 3a",,Others
100,103,69.0,HRA,HUMAN RESOURCES ADMINISTRATION,104.0,MEDICAL ASSISTANCE - OTPS,Other Than Personal Services,5959.6,5948.1,"1c, 2b, 4a",,health
101,104,69.0,HRA,HUMAN RESOURCES ADMINISTRATION,105.0,ADULT SERVICES - OTPS,Other Than Personal Services,384.4,410.0,"1c, 2a, 2b, 2c, 3a, 3b, 4a",,Others
102,105,69.0,HRA,HUMAN RESOURCES ADMINISTRATION,107.0,LEGAL SERVICES,Other Than Personal Services,120.6,155.8,All,,Others
103,106,71.0,DHS,DEPARTMENT OF HOMELESS SERVICES,100.0,DEPT OF HOMELESS SERVICES-PS,Personal Services,153.6,167.3,All,,residental
104,107,71.0,DHS,DEPARTMENT OF HOMELESS SERVICES,200.0,DEPT OF HOMELESS SERVICES-OTPS,Other Than Personal Services,1992.4,1943.4,All,,residental
105,108,72.0,DOC,DEPARTMENT OF CORRECTION,1.0,ADMINISTRATION,Personal Services,104.7,114.6,All,,Others
106,109,72.0,DOC,DEPARTMENT OF CORRECTION,2.0,OPERATIONS,Personal Services,1099.6,1070.9,All,,Others
107,110,72.0,DOC,DEPARTMENT OF CORRECTION,3.0,OPERATIONS - OTPS,Other Than Personal Services,178.0,178.4,All,,Others
108,111,72.0,DOC,DEPARTMENT OF CORRECTION,4.0,ADMINISTRATION - OTPS,Other Than Personal Services,17.9,16.3,All,,Others
109,112,125.0,DFTA,DEPARTMENT FOR THE AGING,1.0,EXECUTIVE & ADMIN MGMT - PS,Personal Services,13.6,15.0,All,,health
110,113,125.0,DFTA,DEPARTMENT FOR THE AGING,2.0,COMMUNITY PROGRAMS - PS,Personal Services,14.7,16.5,All,,health
111,114,125.0,DFTA,DEPARTMENT FOR THE AGING,3.0,COMMUNITY PROGRAMS - OTPS,Other Than Personal Services,335.9,363.4,All,,Others
112,115,125.0,DFTA,DEPARTMENT FOR THE AGING,4.0,EXECUTIVE & ADMIN MGMT-OTPS,Other Than Personal Services,1.9,1.9,All,,Others
113,116,126.0,DCLA,DEPARTMENT OF CULTURAL AFFAIRS,1.0,OFFICE OF COMMISSIONER-PS,Personal Services,4.7,5.6,All,,Others
114,117,126.0,DCLA,DEPARTMENT OF CULTURAL AFFAIRS,2.0,OFFICE OF COMMISSIONER - OTPS,Other Than Personal Services,1.8,2.4,All,,Others
115,118,126.0,DCLA,DEPARTMENT OF CULTURAL AFFAIRS,3.0,CULTURAL PROGRAMS,Other Than Personal Services,65.9,72.9,"1a, 1b",,Others
116,119,126.0,DCLA,DEPARTMENT OF CULTURAL AFFAIRS,4.0,METROPOLITAN MUSEUM OF ART,Other Than Personal Services,25.8,27.9,"1a, 1b",,Others
117,120,126.0,DCLA,DEPARTMENT OF CULTURAL AFFAIRS,5.0,NY BOTANICAL GARDEN,Other Than Personal Services,7.6,7.7,"1a, 1b",,Others
118,121,126.0,DCLA,DEPARTMENT OF CULTURAL AFFAIRS,6.0,AMER MUSEUM NATURAL HISTORY,Other Than Personal Services,16.0,17.1,"1a, 1b",,Others
119,122,126.0,DCLA,DEPARTMENT OF CULTURAL AFFAIRS,7.0,THE WILDLIFE CONSERVATION SOC.,Other Than Personal Services,14.9,15.1,"1a, 1b",,Others
120,123,126.0,DCLA,DEPARTMENT OF CULTURAL AFFAIRS,8.0,BROOKLYN MUSEUM,Other Than Personal Services,8.6,8.3,"1a, 1b",,Others
121,124,126.0,DCLA,DEPARTMENT OF CULTURAL AFFAIRS,9.0,BKLYN CHILDREN'S MUSEUM,Other Than Personal Services,2.1,2.1,"1a, 1b",,family
122,125,126.0,DCLA,DEPARTMENT OF CULTURAL AFFAIRS,10.0,BROOKLYN BOTANIC GARDEN,Other Than Personal Services,4.6,4.7,"1a, 1b",,Others
123,126,126.0,DCLA,DEPARTMENT OF CULTURAL AFFAIRS,11.0,QUEENS BOTANICAL GARDEN,Other Than Personal Services,4.2,3.5,"1a, 1b",,Others
124,127,126.0,DCLA,DEPARTMENT OF CULTURAL AFFAIRS,12.0,NY HALL OF SCIENCE,Other Than Personal Services,2.0,2.0,"1a, 1b",,Others
125,128,126.0,DCLA,DEPARTMENT OF CULTURAL AFFAIRS,13.0,SI INSTITUTE ARTS & SCIENCES,Other Than Personal Services,1.0,1.1,"1a, 1b",,Others
126,129,126.0,DCLA,DEPARTMENT OF CULTURAL AFFAIRS,14.0,S.I. ZOOLOGICAL SOCIETY,Other Than Personal Services,1.6,1.8,"1a, 1b",,Others
127,130,126.0,DCLA,DEPARTMENT OF CULTURAL AFFAIRS,15.0,S I HISTORICAL SOCIETY,Other Than Personal Services,0.8,0.8,"1a, 1b",,Others
128,131,126.0,DCLA,DEPARTMENT OF CULTURAL AFFAIRS,16.0,MUSEUM OF THE CITY OF NY,Other Than Personal Services,1.7,1.9,"1a, 1b",,Others
129,132,126.0,DCLA,DEPARTMENT OF CULTURAL AFFAIRS,17.0,WAVE HILL,Other Than Personal Services,1.4,1.5,"1a, 1b",,Others
130,133,126.0,DCLA,DEPARTMENT OF CULTURAL AFFAIRS,19.0,BROOKLYN ACADEMY OF MUSIC,Other Than Personal Services,2.8,2.8,"1a, 1b",,Others
131,134,126.0,DCLA,DEPARTMENT OF CULTURAL AFFAIRS,20.0,SNUG HARBOR CULTURAL CENTER,Other Than Personal Services,2.9,3.4,"1a, 1b",,Others
132,135,126.0,DCLA,DEPARTMENT OF CULTURAL AFFAIRS,21.0,STUDIO MUSEUM IN HARLEM,Other Than Personal Services,1.0,1.0,"1a, 1b",,Others
133,136,126.0,DCLA,DEPARTMENT OF CULTURAL AFFAIRS,22.0,OTHER CULTURAL INSTITUTIONS,Other Than Personal Services,20.1,24.4,"1a, 1b",,Others
134,137,126.0,DCLA,DEPARTMENT OF CULTURAL AFFAIRS,24.0,N.Y.SHAKESPEARE FESTIVAL,Other Than Personal Services,1.1,1.1,"1a, 1b",,Others
135,138,136.0,LPC,LANDMARKS PRESERVATION COMM.,1.0,PERSONAL SERVICES,Personal Services,5.2,6.0,All,,Others
136,139,136.0,LPC,LANDMARKS PRESERVATION COMM.,2.0,OTHER THAN PERSONAL SERVICES,Other Than Personal Services,0.6,1.0,All,,Others
137,140,156.0,TLC,TAXI AND LIMOUSINE COMMISSION,1.0,PERSONAL SERVICE,Personal Services,35.0,37.1,All,,Others
138,141,156.0,TLC,TAXI AND LIMOUSINE COMMISSION,2.0,OTHER THAN PERSONAL SERVICE,Other Than Personal Services,10.8,14.5,All,,Others
139,142,226.0,CCHR,COMMISSION ON HUMAN RIGHTS,1.0,PERSONAL SERVICES,Personal Services,3.3,4.0,All,,Others
140,143,226.0,CCHR,COMMISSION ON HUMAN RIGHTS,3.0,COMMUNITY DEVELOP P.S.,Personal Services,6.2,7.1,All,,Others
141,144,226.0,CCHR,COMMISSION ON HUMAN RIGHTS,2.0,OTHER THAN PERSONAL SERVICES,Other Than Personal Services,1.6,0.5,All,,Others
142,145,226.0,CCHR,COMMISSION ON HUMAN RIGHTS,4.0,COMM DEVELOP OTPS,Other Than Personal Services,1.7,2.2,All,,Others
143,146,260.0,DYCD,DEPARTMENT OF YOUTH & COMMUNITY DEVELOPMENT,2.0,EXECUTIVE AND ADMINISTRATIVE MGMT PS,Personal Services,18.7,19.2,All,,Others
144,147,260.0,DYCD,DEPARTMENT OF YOUTH & COMMUNITY DEVELOPMENT,311.0,PROGRAM SERVICES - PS,Personal Services,22.4,22.4,All,,health
145,148,260.0,DYCD,DEPARTMENT OF YOUTH & COMMUNITY DEVELOPMENT,5.0,COMMUNITY DEVELOPMENT OTPS,Other Than Personal Services,72.7,82.8,"3a, 3b, 3c",,Others
146,149,260.0,DYCD,DEPARTMENT OF YOUTH & COMMUNITY DEVELOPMENT,312.0,OTHER THAN PERSONAL SERVICES,Other Than Personal Services,695.6,778.5,All,,Others
147,150,781.0,DOP,DEPARTMENT OF PROBATION,1.0,EXECUTIVE MANAGEMENT,Personal Services,9.1,10.0,All,,Others
148,151,781.0,DOP,DEPARTMENT OF PROBATION,2.0,PROBATION SERVICES,Personal Services,60.1,73.6,All,,Others
149,152,781.0,DOP,DEPARTMENT OF PROBATION,3.0,PROBATION SERVICES-OTPS,Other Than Personal Services,33.8,37.7,All,,Others
150,153,781.0,DOP,DEPARTMENT OF PROBATION,4.0,EXECUTIVE MANAGEMENT - OTPS,Other Than Personal Services,0.1,0.1,All,,Others
151,154,801.0,SBS,DEPARTMENT OF SMALL BUSINESS SERVICES,1.0,DEPT. OF BUSINESS P.S.,Personal Services,15.9,18.3,All,,Others
152,155,801.0,SBS,DEPARTMENT OF SMALL BUSINESS SERVICES,4.0,CONTRACT COMP & BUS. OPP - PS,Personal Services,2.8,3.5,"1a, 1b, 2a, 4a",,health
153,156,801.0,SBS,DEPARTMENT OF SMALL BUSINESS SERVICES,10.0,WORKFORCE INVESTMENT ACT - PS,Personal Services,4.8,7.8,"1a, 4a",,health
154,157,801.0,SBS,DEPARTMENT OF SMALL BUSINESS SERVICES,2.0,DEPT. OF BUSINESS O.T.P.S.,Other Than Personal Services,77.7,83.6,All,,Others
155,158,801.0,SBS,DEPARTMENT OF SMALL BUSINESS SERVICES,5.0,CONTRACT COMP & BUS OPP - OTPS,Other Than Personal Services,4.7,6.0,"1a, 1b, 2a, 4a",,Others
156,159,801.0,SBS,DEPARTMENT OF SMALL BUSINESS SERVICES,6.0,ECONOMIC DEVELOPMENT CORP.,Other Than Personal Services,62.6,85.1,All. Refer to EDC goals.,"EDC is contained within the Department of Small Business Services and appropriations are made through that agency. These figures are limited to the City's contribution and planned contribution respectively, to EDC",Others
157,160,801.0,SBS,DEPARTMENT OF SMALL BUSINESS SERVICES,11.0,WORKFORCE INVESTMENT ACT - OTPS,Other Than Personal Services,58.7,77.9,"1a, 4a",,Others
158,161,801.0,SBS,DEPARTMENT OF SMALL BUSINESS SERVICES,12.0,TRUST FOR GOVERNOR'S ISLAND AND NYC & CO,Other Than Personal Services,39.7,40.5,1b,,Others
159,162,806.0,HPD,HOUSING PRESERVATION AND DEVELOPMENT,1.0,OFFICE OF ADMINISTRATION,Personal Services,40.6,45.2,All,,Others
160,163,806.0,HPD,HOUSING PRESERVATION AND DEVELOPMENT,2.0,OFFICE OF DEVELOPMENT,Personal Services,27.7,36.0,"2a, 3a, 4a, 4b",,Others
161,164,806.0,HPD,HOUSING PRESERVATION AND DEVELOPMENT,4.0,OFFICE OF HOUSING PRESERVATION,Personal Services,58.5,62.6,"1a, 1b",,residental
162,165,806.0,HPD,HOUSING PRESERVATION AND DEVELOPMENT,6.0,HOUSING MAINTENANCE AND SALES,Personal Services,37.4,40.5,"2a, 3a, 4a, 4b",,residental
163,166,806.0,HPD,HOUSING PRESERVATION AND DEVELOPMENT,8.0,OFFICE OF ADMINISTRATION OTPS,Other Than Personal Services,9.6,12.9,All,,Others
164,167,806.0,HPD,HOUSING PRESERVATION AND DEVELOPMENT,9.0,OFFICE OF DEVELOPMENT OTPS,Other Than Personal Services,759.6,646.6,"1b, 2a, 4a, 4b",,Others
165,168,806.0,HPD,HOUSING PRESERVATION AND DEVELOPMENT,10.0,HOUSING MANAGEMENT AND SALES,Other Than Personal Services,9.3,17.2,"1a, 1b, 2a, 3a, 4b",,residental
166,169,806.0,HPD,HOUSING PRESERVATION AND DEVELOPMENT,11.0,OFFICE OF HOUSING PRESERVATION,Other Than Personal Services,58.1,87.2,"1a, 1b, 2a, 4b",,residental
167,170,806.0,HPD,HOUSING PRESERVATION AND DEVELOPMENT,12.0,CITY ASSISTANCE TO NYC HOUSING,Other Than Personal Services,,311.7,All,This UA originated in Fiscal 2019.,residental
168,171,810.0,DOB,DEPARTMENT OF BUILDINGS,1.0,PERSONAL SERVICES,Personal Services,123.6,146.3,All,,Others
169,172,810.0,DOB,DEPARTMENT OF BUILDINGS,2.0,OTHER THAN PERSONAL SERVICES,Other Than Personal Services,36.1,58.7,All,,Others
170,173,816.0,DOHMH,DEPARTMENT OF HEALTH AND MENTAL HYGIENE,101.0,HEALTH ADMINISTRATION - PS,Personal Services,62.3,56.8,All,,health
171,174,816.0,DOHMH,DEPARTMENT OF HEALTH AND MENTAL HYGIENE,102.0,DISEASE CONTROL - PS,Personal Services,98.6,106.1,"1a, 1b",,health
172,175,816.0,DOHMH,DEPARTMENT OF HEALTH AND MENTAL HYGIENE,103.0,FAMILY & CHILD HLTH AND HLTH EQUITY - PS,Personal Services,126.6,124.9,"1b, 2b",,health
173,176,816.0,DOHMH,DEPARTMENT OF HEALTH AND MENTAL HYGIENE,104.0,ENVIRONMENTAL HEALTH - PS,Personal Services,64.1,66.5,"2b, 3a, 3b, 3c",,envirnmt
174,177,816.0,DOHMH,DEPARTMENT OF HEALTH AND MENTAL HYGIENE,105.0,EARLY INTERVENTION - PS,Personal Services,15.5,16.5,4b,,health
175,178,816.0,DOHMH,DEPARTMENT OF HEALTH AND MENTAL HYGIENE,106.0,OFFICE OF CHIEF MEDICAL EXAMINER - PS,Personal Services,55.6,66.3,All. Refer to OCME goals.,OCME is contained within the Department of Health and Mental Hygiene and appropriations are made through that agency.,health
176,179,816.0,DOHMH,DEPARTMENT OF HEALTH AND MENTAL HYGIENE,107.0,PREVENTION & PRIMARY CARE - PS,Personal Services,15.7,18.0,"2a, 2b",,health
177,180,816.0,DOHMH,DEPARTMENT OF HEALTH AND MENTAL HYGIENE,108.0,MENTAL HYGIENE MANAGEMENT SERVICES - PS,Personal Services,38.5,48.5,"4a, 4b",,health
178,181,816.0,DOHMH,DEPARTMENT OF HEALTH AND MENTAL HYGIENE,109.0,EPIDEMIOLOGY - PS,Personal Services,17.4,18.0,"2a, 2b, 5a",,health
179,182,816.0,DOHMH,DEPARTMENT OF HEALTH AND MENTAL HYGIENE,111.0,HEALTH ADMINISTRATION - OTPS,Other Than Personal Services,137.4,120.5,All,,health
180,183,816.0,DOHMH,DEPARTMENT OF HEALTH AND MENTAL HYGIENE,112.0,DISEASE CONTROL - OTPS,Other Than Personal Services,192.4,194.6,"1a, 1b",,health
181,184,816.0,DOHMH,DEPARTMENT OF HEALTH AND MENTAL HYGIENE,113.0,FAMILY & CHILD HLTH AND HLTH EQUITY-OTPS,Other Than Personal Services,67.3,74.0,"1b, 2b",,family
182,185,816.0,DOHMH,DEPARTMENT OF HEALTH AND MENTAL HYGIENE,114.0,ENVIRONMENTAL HEALTH - OTPS,Other Than Personal Services,32.4,39.4,"2b, 3a, 3b, 3c",,envirnmt
183,186,816.0,DOHMH,DEPARTMENT OF HEALTH AND MENTAL HYGIENE,115.0,EARLY INTERVENTION - OTPS,Other Than Personal Services,254.6,201.8,4b,,Others
184,187,816.0,DOHMH,DEPARTMENT OF HEALTH AND MENTAL HYGIENE,116.0,OFFICE OF CHIEF MEDICAL EXAMINER - OTPS,Other Than Personal Services,21.0,26.3,All. Refer to OCME goals.,OCME is contained within the Department of Health and Mental Hygiene and appropriations are made through that agency.,health
185,188,816.0,DOHMH,DEPARTMENT OF HEALTH AND MENTAL HYGIENE,117.0,PREVENTION & PRIMARY CARE - OTPS,Other Than Personal Services,53.2,65.2,"2a, 2b",,health
186,189,816.0,DOHMH,DEPARTMENT OF HEALTH AND MENTAL HYGIENE,118.0,MENTAL HYGIENE MANAGEMENT SERVICES- OTPS,Other Than Personal Services,61.1,84.7,"4a, 4b",,health
187,190,816.0,DOHMH,DEPARTMENT OF HEALTH AND MENTAL HYGIENE,119.0,EPIDEMIOLOGY - OTPS,Other Than Personal Services,4.5,5.9,"2a, 2b, 5a",,Others
188,191,816.0,DOHMH,DEPARTMENT OF HEALTH AND MENTAL HYGIENE,120.0,MENTAL HEALTH,Other Than Personal Services,256.8,312.4,4b,,health
189,192,816.0,DOHMH,DEPARTMENT OF HEALTH AND MENTAL HYGIENE,121.0,DEVELOPMENT DISABILITY - OTPS,Other Than Personal Services,15.5,16.1,None,,Others
190,193,816.0,DOHMH,DEPARTMENT OF HEALTH AND MENTAL HYGIENE,122.0,CHEMICAL DEPENDENCY AND HEALTH PROMOTION,Other Than Personal Services,108.8,114.7,4a,,health
191,194,819.0,NYCHH,HEALTH AND HOSPITALS CORP,1.0,LUMP SUM,Other Than Personal Services,872.0,735.4,All,These figures are limited to the City’s contribution and planned contribution respectively.,invest
192,195,820.0,OATH,OFFICE OF ADMINISTRATION TRIALS & HEARINGS,1.0,OFF OF ADM. TRIALS & HEARINGS,Personal Services,33.1,37.0,All,,Others
193,196,820.0,OATH,OFFICE OF ADMINISTRATION TRIALS & HEARINGS,2.0,OFFICE OF ADMIN. TRIALS & HEARINGS- OTPS,Other Than Personal Services,11.3,13.9,All,,Others
194,197,826.0,DEP,DEPARTMENT OF ENVIRONMENTAL PROTECT.,1.0,EXECUTIVE AND SUPPORT,Personal Services,38.8,38.0,All,,Others
195,198,826.0,DEP,DEPARTMENT OF ENVIRONMENTAL PROTECT.,2.0,ENVIRONMENTAL MANAGEMENT,Personal Services,30.0,31.4,5a,,envirnmt
196,199,826.0,DEP,DEPARTMENT OF ENVIRONMENTAL PROTECT.,3.0,WATER SUP. & WASTEWATER COLL,Personal Services,211.2,211.6,"1a, 1b, 2a, 3a, 5a",,envirnmt
197,200,826.0,DEP,DEPARTMENT OF ENVIRONMENTAL PROTECT.,7.0,CENTRAL UTILITY,Personal Services,76.8,83.1,"1a, 4a, 4b",,Others
198,201,826.0,DEP,DEPARTMENT OF ENVIRONMENTAL PROTECT.,8.0,WASTEWATER TREATMENT,Personal Services,194.5,201.8,"2a, 3a",,envirnmt
199,202,826.0,DEP,DEPARTMENT OF ENVIRONMENTAL PROTECT.,4.0,UTILITY - OTPS,Other Than Personal Services,617.3,674.4,"1a, 1b, 2a, 3a, 5a",,Others
200,203,826.0,DEP,DEPARTMENT OF ENVIRONMENTAL PROTECT.,5.0,ENVIRONMENTAL MANAGEMENT -OTPS,Other Than Personal Services,202.3,152.5,"1a, 1b, 2a, 3a, 5a",,envirnmt
201,204,826.0,DEP,DEPARTMENT OF ENVIRONMENTAL PROTECT.,6.0,EXECUTIVE & SUPPORT-OTPS,Other Than Personal Services,61.2,66.6,All,,Others
202,205,827.0,DSNY,DEPARTMENT OF SANITATION,101.0,EXECUTIVE ADMINISTRATIVE,Personal Services,75.0,73.0,All,,Others
203,206,827.0,DSNY,DEPARTMENT OF SANITATION,102.0,CLEANING & COLLECTION,Personal Services,761.3,777.9,"1a, 1b, 2a, 3a",,envirnmt
204,207,827.0,DSNY,DEPARTMENT OF SANITATION,103.0,WASTE DISPOSAL,Personal Services,26.3,37.0,"2a, 3a",,Others
205,208,827.0,DSNY,DEPARTMENT OF SANITATION,104.0,BUILDING MANAGEMENT,Personal Services,24.7,26.7,None,,Others
206,209,827.0,DSNY,DEPARTMENT OF SANITATION,105.0,BUREAU OF MOTOR EQUIP,Personal Services,71.1,69.6,All,,Others
207,210,827.0,DSNY,DEPARTMENT OF SANITATION,107.0,SNOW BUDGET-PS,Personal Services,58.0,57.1,4a,,Others
208,211,827.0,DSNY,DEPARTMENT OF SANITATION,106.0,EXEC & ADMINISTRATIVE-OTPS,Other Than Personal Services,107.0,105.5,All,,Others
209,212,827.0,DSNY,DEPARTMENT OF SANITATION,109.0,CLEANING & COLLECTION-OTPS,Other Than Personal Services,36.3,33.0,"1a, 1b, 2a, 3a",,envirnmt
210,213,827.0,DSNY,DEPARTMENT OF SANITATION,110.0,WASTE DISPOSAL-OTPS,Other Than Personal Services,480.0,521.5,"2a, 3a",,Others
211,214,827.0,DSNY,DEPARTMENT OF SANITATION,111.0,BUILDING MANAGEMENT-OTPS,Other Than Personal Services,5.1,4.7,None,,Others
212,215,827.0,DSNY,DEPARTMENT OF SANITATION,112.0,MOTOR EQUIPMENT-OTPS,Other Than Personal Services,26.3,26.5,All,,Others
213,216,827.0,DSNY,DEPARTMENT OF SANITATION,113.0,SNOW-OTPS,Other Than Personal Services,47.8,42.5,4a,,Others
214,217,829.0,BIC,BUSINESS INTEGRITY COMMISSION,1.0,PERSONAL SERVICES,Personal Services,5.9,6.2,All,,Others
215,218,829.0,BIC,BUSINESS INTEGRITY COMMISSION,2.0,OTHER THAN PERSONAL SERVICES,Other Than Personal Services,2.8,3.1,All,,Others
216,219,836.0,DOF,DEPARTMENT OF FINANCE,1.0,ADMINISTRATION & PLANNING,Personal Services,43.9,42.6,All,,Others
217,220,836.0,DOF,DEPARTMENT OF FINANCE,2.0,OPERATIONS,Personal Services,21.7,22.8,"1b, 3a",,Others
218,221,836.0,DOF,DEPARTMENT OF FINANCE,3.0,PROPERTY,Personal Services,27.4,29.0,"1a, 1b, 5a",,Others
219,222,836.0,DOF,DEPARTMENT OF FINANCE,4.0,AUDIT,Personal Services,28.6,31.0,"1a, 1b",,Others
220,223,836.0,DOF,DEPARTMENT OF FINANCE,5.0,LEGAL,Personal Services,6.9,7.1,"1a, 1b, 2a",,Others
221,224,836.0,DOF,DEPARTMENT OF FINANCE,7.0,PARKING VIOLATIONS BUREAU,Personal Services,11.1,11.3,"2a, 2b",,Others
222,225,836.0,DOF,DEPARTMENT OF FINANCE,9.0,CITY SHERIFF,Personal Services,18.2,20.2,"1a, 2a, 6a",,Others
223,226,836.0,DOF,DEPARTMENT OF FINANCE,11.0,ADMINISTRATION-OTPS,Other Than Personal Services,64.3,83.8,All,,Others
224,227,836.0,DOF,DEPARTMENT OF FINANCE,22.0,OPERATIONS-OTPS,Other Than Personal Services,33.3,37.9,"1b, 3a",,Others
225,228,836.0,DOF,DEPARTMENT OF FINANCE,33.0,PROPERTY-OTPS,Other Than Personal Services,3.3,4.5,"1a, 1b, 5a",,Others
226,229,836.0,DOF,DEPARTMENT OF FINANCE,44.0,AUDIT-OTPS,Other Than Personal Services,0.2,0.6,"1a, 1b",,Others
227,230,836.0,DOF,DEPARTMENT OF FINANCE,55.0,LEGAL-OTPS,Other Than Personal Services,0.1,0.1,"1a, 1b, 2a",,Others
228,231,836.0,DOF,DEPARTMENT OF FINANCE,77.0,PARKING VIOLATIONS BUREAU OTPS,Other Than Personal Services,1.0,1.3,"2a, 2b",,Others
229,232,836.0,DOF,DEPARTMENT OF FINANCE,99.0,CITY SHERIFF-OTPS,Other Than Personal Services,18.8,19.2,"1a, 2a, 6a",,Others
230,233,841.0,DOT,DEPARTMENT OF TRANSPORTATION,1.0,EXEC ADM & PLANN MGT.,Personal Services,60.4,59.9,All,,Others
231,234,841.0,DOT,DEPARTMENT OF TRANSPORTATION,2.0,HIGHWAY OPERATIONS,Personal Services,178.5,188.3,"1b, 2a, 3a, 4a",,Others
232,235,841.0,DOT,DEPARTMENT OF TRANSPORTATION,3.0,TRANSIT OPERATIONS,Personal Services,62.4,63.0,"2a, 2b, 3a, 4a",,Others
233,236,841.0,DOT,DEPARTMENT OF TRANSPORTATION,4.0,TRAFFIC OPERATIONS,Personal Services,109.5,113.1,"1b, 1c, 3a, 4a",,Others
234,237,841.0,DOT,DEPARTMENT OF TRANSPORTATION,6.0,BUREAU OF BRIDGES,Personal Services,75.3,80.0,"1a, 5a",,Others
235,238,841.0,DOT,DEPARTMENT OF TRANSPORTATION,7.0,BUREAU OF BRIDGES - OTPS,Other Than Personal Services,20.5,29.6,"1a, 5a",,Others
236,239,841.0,DOT,DEPARTMENT OF TRANSPORTATION,11.0,OTPS-EXEC AND ADMINISTRATION,Other Than Personal Services,67.2,66.2,All,,Others
237,240,841.0,DOT,DEPARTMENT OF TRANSPORTATION,12.0,OTPS-HIGHWAY OPERATIONS,Other Than Personal Services,113.7,123.8,"1b, 2a, 3a, 4a",,Others
238,241,841.0,DOT,DEPARTMENT OF TRANSPORTATION,13.0,OTPS-TRANSIT OPERATIONS,Other Than Personal Services,41.1,47.4,"2a, 2b, 3a, 4a",,Others
239,242,841.0,DOT,DEPARTMENT OF TRANSPORTATION,14.0,OTPS-TRAFFIC OPERATIONS,Other Than Personal Services,254.9,297.8,"1b, 1c, 3a, 4a",,Others
240,243,846.0,DPR,DEPARTMENT OF PARKS AND RECREATION,1.0,EXEC MGMT & ADMIN,Personal Services,8.3,8.8,All,,Others
241,244,846.0,DPR,DEPARTMENT OF PARKS AND RECREATION,2.0,MAINTENANCE & OPERATIONS,Personal Services,328.5,331.5,"1a, 1b, 2a, 2b, 2c, 3a, 4a, 4b",,Others
242,245,846.0,DPR,DEPARTMENT OF PARKS AND RECREATION,3.0,DESIGN & ENGINEERING,Personal Services,47.8,49.6,"2c, 3a, 3b",,Others
243,246,846.0,DPR,DEPARTMENT OF PARKS AND RECREATION,4.0,RECREATION SERVICES,Personal Services,26.0,26.8,"4a, 4b",,Others
244,247,846.0,DPR,DEPARTMENT OF PARKS AND RECREATION,6.0,MAINT & OPERATIONS - OTPS,Other Than Personal Services,106.4,135.7,"1a, 1b, 2a, 2b, 2c, 3a, 4a, 4b",,Others
245,248,846.0,DPR,DEPARTMENT OF PARKS AND RECREATION,7.0,EXEC MGT/ADMIN SVCS-OTPS,Other Than Personal Services,24.2,23.7,All,,Others
246,249,846.0,DPR,DEPARTMENT OF PARKS AND RECREATION,9.0,RECREATION SERVICES-OTPS,Other Than Personal Services,1.4,1.9,"4a, 4b",,Others
247,250,846.0,DPR,DEPARTMENT OF PARKS AND RECREATION,10.0,DESIGN & ENGINEERING-OTPS,Other Than Personal Services,2.8,2.9,"2c, 3a, 3b",,Others
248,251,850.0,DDC,DEPARTMENT OF DESIGN & CONSTRUCTION,1.0,PERSONAL SERVICES,Personal Services,116.7,133.9,All,,Others
249,252,850.0,DDC,DEPARTMENT OF DESIGN & CONSTRUCTION,2.0,OTHER THAN PERSONAL SERVICES,Other Than Personal Services,434.2,155.0,All,,Others
250,253,856.0,DCAS,DEPARTMENT OF CITYWIDE ADMIN SERVICE,1.0,HUMAN CAPITAL,Personal Services,26.3,27.9,"1a, 1b, 1c, 1d",,Others
251,254,856.0,DCAS,DEPARTMENT OF CITYWIDE ADMIN SERVICE,5.0,BD OF STANDARD & APPEALS PS,Personal Services,2.1,2.5,None,,Others
252,255,856.0,DCAS,DEPARTMENT OF CITYWIDE ADMIN SERVICE,100.0,EXECUTIVE AND OPERATIONS SUPPORT,Personal Services,27.2,27.3,All,,Others
253,256,856.0,DCAS,DEPARTMENT OF CITYWIDE ADMIN SERVICE,200.0,DIV OF ADMINISTRATION AND SECURITY - PS,Personal Services,14.0,14.0,All,,health
254,257,856.0,DCAS,DEPARTMENT OF CITYWIDE ADMIN SERVICE,300.0,ASSET MANAGEMENT-PUBLIC FACILITIES,Personal Services,106.8,109.3,"2a, 2b, 2c, 3a",,invest
255,258,856.0,DCAS,DEPARTMENT OF CITYWIDE ADMIN SERVICE,400.0,OFFICE OF CITYWIDE PURCHASING,Personal Services,10.5,11.1,"3a, 4a, 4b",,Others
256,259,856.0,DCAS,DEPARTMENT OF CITYWIDE ADMIN SERVICE,500.0,DIV OF REAL ESTATE SERVICES,Personal Services,,0.2,3a,This UA originated in Fiscal 2019.,Others
257,260,856.0,DCAS,DEPARTMENT OF CITYWIDE ADMIN SERVICE,600.0,EXTERNAL PUBLICATIONS AND RETAIL,Personal Services,1.8,2.4,None,,Others
258,261,856.0,DCAS,DEPARTMENT OF CITYWIDE ADMIN SERVICE,700.0,ENERGY MANAGEMENT,Personal Services,4.0,5.1,"5a, 5b, 5c",,Others
259,262,856.0,DCAS,DEPARTMENT OF CITYWIDE ADMIN SERVICE,800.0,CITYWIDE FLEET SERVICES,Personal Services,2.9,3.1,"3a, 6a, 6b",,Others
260,263,856.0,DCAS,DEPARTMENT OF CITYWIDE ADMIN SERVICE,2.0,HUMAN CAPITAL,Other Than Personal Services,10.5,7.1,"1a, 1b, 1c, 1d",,Others
261,264,856.0,DCAS,DEPARTMENT OF CITYWIDE ADMIN SERVICE,6.0,BD. OF STANDARD & APPEAL  OTPS,Other Than Personal Services,0.5,0.7,None,,Others
262,265,856.0,DCAS,DEPARTMENT OF CITYWIDE ADMIN SERVICE,190.0,EXECUTIVE AND OPERATIONS SUPPORT - OTPS,Other Than Personal Services,4.8,10.2,All,,Others
263,266,856.0,DCAS,DEPARTMENT OF CITYWIDE ADMIN SERVICE,290.0,DIV OF ADMINISTRATION AND SECURITY- OTPS,Other Than Personal Services,24.0,30.2,All,,Others
264,267,856.0,DCAS,DEPARTMENT OF CITYWIDE ADMIN SERVICE,390.0,ASSET MANAGEMENT-PUBLIC FACILITIES-OTPS,Other Than Personal Services,148.5,163.4,"2a, 2b, 2c, 3a",,invest
265,268,856.0,DCAS,DEPARTMENT OF CITYWIDE ADMIN SERVICE,490.0,OFFICE OF CITYWIDE PURCHASING - OTPS,Other Than Personal Services,30.6,30.7,"3a, 4a, 4b",,Others
266,269,856.0,DCAS,DEPARTMENT OF CITYWIDE ADMIN SERVICE,590.0,DIV OF REAL ESTATE SERVICES,Other Than Personal Services,,4.1,3a,This UA originated in Fiscal 2019.,Others
267,270,856.0,DCAS,DEPARTMENT OF CITYWIDE ADMIN SERVICE,690.0,EXTERNAL PUBLICATIONS AND RETAIL - OTPS,Other Than Personal Services,0.9,1.0,None,,Others
268,271,856.0,DCAS,DEPARTMENT OF CITYWIDE ADMIN SERVICE,790.0,ENERGY MANAGEMENT - OTPS,Other Than Personal Services,774.4,758.4,"5a, 5b, 5c, 6a, 6b",,Others
269,272,856.0,DCAS,DEPARTMENT OF CITYWIDE ADMIN SERVICE,890.0,CITYWIDE FLEET SERVICES - OTPS,Other Than Personal Services,55.2,40.2,"3a, 6a, 6b",,Others
270,273,858.0,DoITT,DEPARTMENT OF INFORMATION TECHNOLOGY & TELECOMMUNICATIONS,1.0,PERSONAL SERVICES,Personal Services,135.3,138.1,All,,Others
271,274,858.0,DoITT,DEPARTMENT OF INFORMATION TECHNOLOGY & TELECOMMUNICATIONS,9.0,MAYOR'S OFFICE OF MEDIA & ENTERTAINMENT,Personal Services,,8.0,None,This UA originated in Fiscal 2019.,Others
272,275,858.0,DoITT,DEPARTMENT OF INFORMATION TECHNOLOGY & TELECOMMUNICATIONS,13.0,NEW YORK CITY CYBER COMMAND,Personal Services,,9.6,None,This UA originated in Fiscal 2019.,Others
273,276,858.0,DoITT,DEPARTMENT OF INFORMATION TECHNOLOGY & TELECOMMUNICATIONS,2.0,OTHER THAN PERSONAL SERVICES,Other Than Personal Services,522.6,492.9,All,,Others
274,277,858.0,DoITT,DEPARTMENT OF INFORMATION TECHNOLOGY & TELECOMMUNICATIONS,10.0,MAYOR'S OFFICE OF MEDIA & ENTERTAINMENT,Other Than Personal Services,,26.0,None,This UA originated in Fiscal 2019.,Others
275,278,858.0,DoITT,DEPARTMENT OF INFORMATION TECHNOLOGY & TELECOMMUNICATIONS,14.0,NEW YORK CITY CYBER COMMAND,Other Than Personal Services,,56.3,None,This UA originated in Fiscal 2019.,Others
276,279,860.0,DORIS,DEPARTMENT OF RECORDS & INFORMATION SERVICES,100.0,PERSONAL SERVICES,Personal Services,4.0,5.0,All,,Others
277,280,860.0,DORIS,DEPARTMENT OF RECORDS & INFORMATION SERVICES,200.0,OTHER THAN PERSONAL SERVICES,Other Than Personal Services,4.1,5.5,All,,Others
278,281,866.0,DCA,DEPARTMENT OF CONSUMER AFFAIRS,1.0,ADMINISTRATION,Personal Services,8.9,9.0,All,,Others
279,282,866.0,DCA,DEPARTMENT OF CONSUMER AFFAIRS,2.0,LICENSING/ENFORCEMENT,Personal Services,16.5,18.7,"1b, 1c, 2a, 2b, 4a",,Others
280,283,866.0,DCA,DEPARTMENT OF CONSUMER AFFAIRS,4.0,ADJUDICATION,Personal Services,0.1,0.7,"1a, 1c, 4a",,Others
281,284,866.0,DCA,DEPARTMENT OF CONSUMER AFFAIRS,3.0,OTHER THAN PERSONAL SERVICE,Other Than Personal Services,14.1,15.1,All,,Others
